Brand,Product Description,Price
Fastrack,UV Protection Aviator Sunglasses (Free Size),₹399
Fastrack,UV Protection Wayfarer Sunglasses (Free Size),₹399
Ray-Ban,Polarized Wayfarer Sunglasses (55),"₹11,059"
OPTRICKS,Others Rectangular Sunglasses (16),₹330
ROYAL SON,Mirrored Aviator Sunglasses (58),₹375
Fastrack,UV Protection Aviator Sunglasses (58),₹559
ROYAL SON,Others Retro Square Sunglasses (58),₹449
Fastrack,UV Protection Aviator Sunglasses (58),₹559
ROZZETTA CRAFT,"UV Protection, Gradient Rectangular Sunglasses (Free Si...",₹289
Fastrack,UV Protection Wayfarer Sunglasses (58),₹559
john jacobs,UV Protection Wayfarer Sunglasses (55),"₹1,199"
VOYAGE,Polarized Round Sunglasses (47),"₹1,199"
SRPM,UV Protection Wayfarer Sunglasses (50),₹159
VINCENT CHASE,"by Lenskart Polarized, UV Protection Rectangular Sungla...",₹399
Fastrack,UV Protection Aviator Sunglasses (Free Size),₹399
Fastrack,UV Protection Wayfarer Sunglasses (54),₹399
OCHILA,UV Protection Aviator Sunglasses (58),₹212
OCHILA,UV Protection Aviator Sunglasses (58),₹249
SUMMER DREAM,"Polarized, UV Protection Wayfarer Sunglasses (Free Size...",₹254
VOYAGE,"Gradient, UV Protection Wayfarer Sunglasses (52)",₹569
Fastrack,UV Protection Wayfarer Sunglasses (Free Size),₹899
VINCENT CHASE,"by Lenskart Polarized, UV Protection Clubmaster Sunglas...",₹849
VINCENT CHASE,"by Lenskart Polarized, UV Protection Rectangular Sungla...",₹849
ROZZETTA CRAFT,"UV Protection, Gradient Rectangular Sunglasses (Free Si...",₹289
Fastrack,UV Protection Wayfarer Sunglasses (58),₹559
john jacobs,UV Protection Wayfarer Sunglasses (55),"₹1,199"
VOYAGE,Polarized Round Sunglasses (47),"₹1,199"
SRPM,UV Protection Wayfarer Sunglasses (50),₹159
VINCENT CHASE,"by Lenskart Polarized, UV Protection Rectangular Sungla...",₹399
Fastrack,UV Protection Aviator Sunglasses (Free Size),₹399
Fastrack,UV Protection Wayfarer Sunglasses (54),₹399
OCHILA,UV Protection Aviator Sunglasses (58),₹212
OCHILA,UV Protection Aviator Sunglasses (58),₹249
SUMMER DREAM,"Polarized, UV Protection Wayfarer Sunglasses (Free Size...",₹254
VOYAGE,"Gradient, UV Protection Wayfarer Sunglasses (52)",₹569
Fastrack,UV Protection Wayfarer Sunglasses (Free Size),₹899
VINCENT CHASE,"by Lenskart Polarized, UV Protection Clubmaster Sunglas...",₹849
VINCENT CHASE,"by Lenskart Polarized, UV Protection Rectangular Sungla...",₹849
Ray-Ban,UV Protection Aviator Sunglasses (55),"₹7,009"
ROADWAY,UV Protection Rectangular Sunglasses (Free Size),₹325
ROZZETTA CRAFT,UV Protection Aviator Sunglasses (62),₹429
ROADWAY,"UV Protection Wayfarer, Retro Square Sunglasses (Free S...",₹173
ATOUCH,UV Protection Rectangular Sunglasses (Free Size),₹365
Fastrack,UV Protection Wrap-around Sunglasses (Free Size),₹399
ROZZETTA CRAFT,UV Protection Retro Square Sunglasses (54),₹449
john jacobs,"Polarized, UV Protection Rectangular Sunglasses (53)","₹1,199"
ROYAL SON,"Polarized, UV Protection Retro Square Sunglasses (Free ...",₹540
VINCENT CHASE,"by Lenskart Polarized, UV Protection Wayfarer Sunglasse...",₹399
john jacobs,UV Protection Rectangular Sunglasses (56),"₹1,199"
VOYAGE,UV Protection Round Sunglasses (48),₹720
john jacobs,"Polarized, UV Protection Aviator Sunglasses (55)","₹1,199"
ROZZETTA CRAFT,UV Protection Aviator Sunglasses (62),₹549
Ray-Ban,UV Protection Aviator Sunglasses (55),"₹7,009"
Mention,"Others, UV Protection, Riding Glasses, Polarized Retro ...",₹339
VINCENT CHASE,by Lenskart UV Protection Wayfarer Sunglasses (57),₹659
ROZZETTA CRAFT,UV Protection Spectacle  Sunglasses (Free Size),₹270
Ray-Ban,UV Protection Wayfarer Sunglasses (56),"₹5,299"
GANSTA,UV Protection Wayfarer Sunglasses (53),₹238
ROADWAY,UV Protection Rectangular Sunglasses (Free Size),₹279
ROYAL SON,"UV Protection, Gradient Butterfly Sunglasses (62)",₹526
Gynk,"Night Vision, Riding Glasses, UV Protection Retro Squar...",₹547
john jacobs,"Polarized, UV Protection Retro Square Sunglasses (54)","₹1,199"
ROADWAY,"UV Protection Retro Square, Wayfarer, Sports Sunglasses...",₹164
Irayz,"Night Vision, Polarized, UV Protection, Riding Glasses ...",₹389
Ray-Ban,UV Protection Round Sunglasses (50),"₹7,009"
ROYAL SON,Mirrored Aviator Sunglasses (Free Size),₹379
Ray-Ban,UV Protection Round Sunglasses (50),"₹7,009"
Fastrack,UV Protection Wayfarer Sunglasses (Free Size),₹899
john jacobs,UV Protection Retro Square Sunglasses (55),"₹1,199"
john jacobs,"Polarized, UV Protection Wayfarer Sunglasses (52)","₹1,199"
VINCENT CHASE,"by Lenskart Polarized, UV Protection Rectangular Sungla...",₹849
NuVew,"UV Protection Sports, Wrap-around Sunglasses (70)",₹319
Optivision,Riding Glasses Rectangular Sunglasses (Free Size),₹194
john jacobs,UV Protection Rectangular Sunglasses (57),"₹1,199"
ROYAL SON,Mirrored Aviator Sunglasses (55),₹376
ROYAL SON,UV Protection Retro Square Sunglasses (60),₹563
VINCENT CHASE,"by Lenskart Polarized, UV Protection Wayfarer Sunglasse...",₹529
hayden haiza,UV Protection Retro Square Sunglasses (55),₹263
ROYAL SON,"Polarized, UV Protection Wayfarer, Retro Square Sunglas...",₹506
VOYAGE,UV Protection Cat-eye Sunglasses (55),₹589
VINCENT CHASE,"by Lenskart Polarized, UV Protection Rectangular Sungla...",₹579
VINCENT CHASE,"by Lenskart Polarized, UV Protection Round Sunglasses (...",₹529
PIRASO,"Riding Glasses, Others Wayfarer, Clubmaster, Sports Sun...",₹179
Dervin,UV Protection Wayfarer Sunglasses (Free Size),₹180
OscarEye,"UV Protection, Others Round Sunglasses (Free Size)",₹371
ALNATURA,UV Protection Cat-eye Sunglasses (Free Size),₹299
Fastrack,UV Protection Aviator Sunglasses (Free Size),₹889
ROYAL SON,Mirrored Aviator Sunglasses (55),₹379
ROADWAY,UV Protection Retro Square Sunglasses (Free Size),₹349
Ray-Ban,"Polarized, UV Protection Retro Square Sunglasses (56)","₹7,189"
hayden haiza,UV Protection Retro Square Sunglasses (58),₹219
hayden haiza,UV Protection Retro Square Sunglasses (58),₹202
METRONAUT,"UV Protection, Night Vision, Riding Glasses Sunglass",₹279
ROYAL SON,"Polarized, UV Protection, Mirrored Sports, Wrap-around ...",₹637
PIRASO,UV Protection Retro Square Sunglasses (54),₹242
PIRASO,UV Protection Aviator Sunglasses (58),₹248
VINCENT CHASE,"by Lenskart Polarized, UV Protection Clubmaster Sunglas...",₹909
ROYAL SON,"UV Protection Rectangular, Retro Square Sunglasses (58)",₹449
ROZZETTA CRAFT,UV Protection Aviator Sunglasses (62),₹429
Dressberry,UV Protection Round Sunglasses (Free Size),₹339
