Car Name,Price
Hennessey Venom F5,Price: $1.8 Million
Bentley Bacalar,Price: $1.9 Million
Hispano Suiza Carmen Boulogne,Price: $1.9 Million
Bentley Mulliner Batur,Price: $2.0 Million
SSC Tuatara,Price: $2.0 Million
Lotus Evija,Price: $2.1 Million
Bertone GB110,Price: $2.2 Million
Delage D12,Price: $2.3 Million
Ferrari Daytona SP3,Price: $2.3 Million
McLaren Speedtail,Price: $2.3 Million
Rimac Nevera,Price: $2.4 Million
Aston Martin Valiant,Price: $2.5 Million
Pagani Utopia,Price: $2.5 Million
Pininfarina Battista,Price: $2.5 Million
Rimac Nevera R,Price: $2.5 million
Gordon Murray T.50,Price: $2.6 Million
Lamborghini Countach,Price: $2.6 Million
Hennessey Venom F5 Revolution,Price: $2.7 Million
Mercedes-AMG Project One,Price: $2.7 Million
Zenvo Aurora,Price: $2.8 Million
Aston Martin Victor,Price: $3.0 Million
Hennessey Venom F5 Roadster,Price: $3.0 Million
Koenigsegg Jesko,Price: $3.0 Million
Aspark Owl,Price: $3.1 Million
Aston Martin Valkyrie,Price: $3.2 Million
Pagani Utopia Roadster,Price: $3.4 Million
W Motors Lykan Hypersport,Price: $3.4 Million
McLaren Solus,Price: $3.5 Million
Pagani Huayra Evo R,Price: $3.5 Million (est.)
Lamborghini Sian,Price: $3.6 million
Koenigsegg CC850,Price: $3.7 Million
Bugatti Chiron Super Sport 300+,Price: $3.9 Million
Gordon Murray Automotive T.50s Niki Lauda,Price: $3.9 Million
Pagani Huayra Roadster BC,Price: $4.0 Million
Bugatti Tourbillon,Price: $4.1 Million
Lamborghini Veneno,Price: $4.5 Million
Bugatti Bolide,Price: $4.7 Million
Pininfarina B95 Speedster,Price: $4.8 Million
Bugatti Mistral,Price: $5.0 Million
Bugatti Divo,Price: $5.8 Million
Pagani Huayra Imola,Price: $6.0 Million
Red Bull RB17,Price: $6.2 Million
Pagani Codalunga,Price: $7.4 Million
Mercedes-Maybach Exelero,Price: $8.0 Million
Bugatti Centodieci,Price: $9.0 Million
Bugatti Chiron Profil√©e,Price: $10.8 Million
Rolls-Royce Sweptail,Price: $12.8 Million
Bugatti La Voiture Noire,Price: $13.4 Million
Rolls-Royce Boat Tail,Price: $28.0 Million (est.)
Rolls-Royce La Rose Noire Droptail,Price: $30 Million (est.)
