Job Title,Location,Company,Experience
Data Scientist In SINGAPORE,"Bangalore
+1",adal immigrations llp,3 to 8 Yrs
Data Scientist,Bangalore,phoenix global re settlement servic...,6 to 11 Yrs
Jr Data Scientist,"Bangalore
+2",diraa hr services hiring for diraa ...,0 to 4 Yrs
Data Scientist,"Bangalore
+6",techno endura,0 to 2 Yrs
Data Scientist,"Bangalore
+9",future solution centre,2 to 7 Yrs
Data Scientist,Bangalore,eliterecruitments hiring for global...,4 to 8 Yrs
Data Science Analytics,"Bangalore
+7",mackenzie modern it solutions priva...,5 to 8 Yrs
Data Analyst,Bangalore,phoenix global re settlement servic...,3 to 8 Yrs
Data Analyst,"Bangalore
+4",aryan technology,0 to 4 Yrs
Snowflake Data Engineer,"Bangalore
+2",capgemini technology services india...,4 to 9 Yrs
